Estado,CNPJ,Entidade,Valor de Repasse,Pontuação,Tipo,Data Início,Data Fim,TipoPublicacao,Mês,SEI,Projeto,Cidade,Local Entidade,Fiscal,Fiscal Suplente,Fiscal Crea
Minas Gerais,18515395000120,INSTITUTO DE ENGENHARIA E ARQUITETURA DO TRIANGULO MINEIRO,"R$ 80.000,00",100,EVENTO,05/11/2025,08/11/2025,EVENTO,NOVEMBRO,00.001316/2025-85,"25º LOFT INOVA IEATM. - VALORIZAÇÃO DOS PROFISSIONAIS DA ENGENHARIA, AGRONOMIA E GEOCIÊNCIAS 5.0",,Uberaba,,,
São Paulo,30115422000173,ASSOCIAÇÃO BRASILEIRA DE ENGENHARIA DE PRODUÇÃO,"R$ 80.000,00",99,EVENTO,14/10/2025,17/10/2025,EVENTO,OUTUBRO,00.001333/2025-12,45ª ENCONTRO NACIONAL DE ENGENHARIA DE PRODUÇÃO - ENEGEP,,São José dos Campos,,,
Rio Grande do Sul,49932026000167,"ASSOCIAÇÃO DAS ENGENHARIAS, GEOLOGOS, AGRONOMOS E PROFISSIONAIS DO VALE DO RIO CAI - ASEGAP","R$ 80.000,00",95,EVENTO,02/06/2025,05/12/2025,EVENTO,JUNHO,00.001498/2025-94,AVANÇOS PROPOSTOS EM AÇÕES,,Salvador do Sul,,,
Piauí,37062886000108,ASSOCIACAO DOS ENGENHEIROS DO NORTE DO PIAUI - AENPI,"R$ 80.000,00",95,EVENTO,17/07/2025,19/07/2025,EVENTO,JULHO,00.001809/2025-15,1ª EDIÇÃO DA FEIRA DAS ENGENHARIAS DO NORTE DO PIAUÍ,,Parnaíba,,,
São Paulo,51104644000160,ASSOCIAÇÃO REGIONAL DOS ENGENHEIROS DE ILHA SOLTEIRA E ADJACÊNCIAS,"R$ 80.000,00",94,EVENTO,18/08/2025,22/08/2025,EVENTO,AGOSTO,00.001385/2025-99,SEMANA DAS ENGENHARIAS DE ILHA SOLTEIRA,,Ilha Solteira,,,
Paraíba,08667024000100,CONSELHO REGIONAL DE ENGENHARIA E AGRONOMIA DA PARAÍBA,"R$ 80.000,00",94,EVENTO,21/08/2025,23/08/2025,EVENTO,AGOSTO,00.001826/2025-52,II CONGRESSO ESTADUAL DE ENGENHARIA DA PARAÍBA,,,,,
São Paulo,50508134000196,ASSOCIAÇÃO BARRETENSE DE ENGENHARIA  ARQUITETURA E AGRONOMIA,"R$ 80.000,00",94,EVENTO,25/08/2025,29/08/2025,EVENTO,AGOSTO,00.001415/2025-67,SEMANA DAS ENGENHARIAS DE BARRETOS,,Barretos,,,
São Paulo,45103496000167,"ASSOCIAÇÃO DOS ENGENHEIROS, ARQUITETOS E AGRÔNOMOS DE SÃO JOSÉ DO RIO PRETO","R$ 80.000,00",94,EVENTO,30/09/2025,04/10/2025,EVENTO,SETEMBRO,00.001382/2025-55,48ª SEMANA DA AGRONOMIA,,São José do Rio Preto,,,
São Paulo,51855021000120,ASSOCIAÇÃO DOS ENGENHEIROS ARQUITETOS E AGRÔNOMOS DA REGIÃO DE VOTUPORANGA-SP,"R$ 80.000,00",94,EVENTO,13/10/2025,17/10/2025,EVENTO,OUTUBRO,00.001769/2025-10,3ª SEMANA DAS ENGENHARIAS DE VOTUPORANGA,,Votuporanga,,,
Distrito Federal,01104662000174,ASSOCIAÇÃO BRASILEIRA DE ENGENHEIROS CIVIS - ABENC,"R$ 80.000,00",94,EVENTO,05/11/2025,07/11/2025,EVENTO,NOVEMBRO,00.001486/2025-60,30° CONGRESSO BRASILEIRO DE ENGENHEIROS CIVIS - CBENC - ABORDANDO TEMAS RELEVANTES NA ÁREA DE ENGENHARIA CIVIL.,,Brasília,,,
Paraíba,04102397000183,FEDERAÇÃO NACIONAL DE ENGENHARIA MECÂNICA E INDUSTRIAL - FENEMI,"R$ 80.000,00",91,EVENTO,21/08/2025,23/08/2025,EVENTO,AGOSTO,00.001227/2025-39,25º CONEMI CONGRESSO INTERNACIONAL DE ENGENHARIA MECÂNICA E INDUSTRIAL,,João Pessoa,,,
Minas Gerais,05112029000189,FEDERAÇÃO BRASILEIRA DE GEÓLOGOS - FEBRAGEO,"R$ 80.000,00",91,EVENTO,13/10/2025,17/10/2025,EVENTO,OUTUBRO,00.001212/2025-71,XIV GEOPOLÍTICAS: SEMANA DE CIÊNCIA E TECNOLOGIA,,Belo Horizonte,,,
Distrito Federal,61755260000161,CONFEDERAÇÃO DOS ENGENHEIROS AGRÔNOMOS DO BRASIL-CONFAEAB,"R$ 80.000,00",91,EVENTO,14/10/2025,17/10/2025,EVENTO,OUTUBRO,00.001469/2025-22,XXXIV CBA-CONGRESSO BRASILEIRO DE AGRONOMIA,,Brasília,,,
Santa Catarina,06167416000185,ASSOCIAÇÃO DOS ENGENHEIROS AGRONOMOS DA SERRA CATARINENSE - ASSEA,"R$ 70.000,00",90,EVENTO,10/06/2025,12/06/2025,EVENTO,JUNHO,00.001287/2025-51,16º SENAFRUT - SEMINÁRIO NACIONAL SOBRE FRUTICULTURA DE CLIMA TEMPERADO,,São Joaquim,,,
Minas Gerais,25944455000196,UNIVERSIDADE FEDERAL DE VIÇOSA,"R$ 70.000,00",90,EVENTO,12/07/2025,18/07/2025,EVENTO,JULHO,00.001757/2025-87,95A. SEMANA DO FAZENDEIRO DA UNIVERSIDADE FEDERAL DE VIÇOSA,,"Viçosa, Minas Gerais",,,
Paraná,72325673000122,ASSOCIAÇÃO REGIONAL DOS ENGENHEIROS AGRÔNOMOS DE CASCAVEL,"R$ 70.000,00",90,EVENTO,06/08/2025,08/08/2025,EVENTO,AGOSTO,00.001480/2025-92,ENCONTRO PARANAENSE DE SECRETÁRIOS MUNICIPAIS DE AGRICULTURA E MEIO AMBIENTE 2025,,Cascavel,,,
Distrito Federal,43996719000137,ASSOCIAÇÃO BRASILEIRA DE EDUCAÇÃO EM ENGENHARIA,"R$ 70.000,00",90,EVENTO,15/09/2025,18/09/2025,EVENTO,SETEMBRO,00.001315/2025-31,53° CONGRESSO BRASILEIRO DE EDUCAÇÃO EM ENGENHARIA E O VIII SIMPÓSIO INTERNACIONAL DE EDUCAÇÃO EM ENGENHARIA - COBENGE,,Brasília,,,
São Paulo,61796835000194,INSTITUTO BRASILEIRO DE AVALIAÇÕES E PERÍCIAS DE ENGENHARIA,"R$ 70.000,00",90,EVENTO,17/11/2025,21/11/2025,EVENTO,NOVEMBRO,00.001384/2025-44,XXIII CONGRESSO BRASILEIRO DE ENGENHARIA DE AVALIAÇÕES E PERICIAS – COBREAP,,São Paulo,,,
Santa Catarina,79886032000196,ASSOCIAÇÃO CATARINENSE DE ENGENHARIA DE SEGURANÇA DO TRABALHO,"R$ 70.000,00",89,EVENTO,15/09/2025,17/09/2025,EVENTO,SETEMBRO,00.001452/2025-75,IV CONGRESSO SUL BRASILEIRO DE SEGURANÇA E SAÚDE DO TRABALHO – SulSST2025,,Florianópolis,,,
Paraná,76639384000159,CONSELHO REGIONAL DE ENGENHARIA E AGRONOMIA DO PARANA,"R$ 70.000,00",89,EVENTO,26/11/2025,28/11/2025,EVENTO,NOVEMBRO,00.001299/2025-86,"51º Encontro Paranaense de Entidades de Classe - EPEC, 34º Fórum de Inspetores e 18º Prêmio Crea da Qualidade – PCQ",,Curitiba,,,
Minas Gerais,20320503000151,FUNDAÇÃO ARTHUR BERNARDES - FUNARBE,"R$ 70.000,00",88,EVENTO,23/08/2025,28/08/2025,EVENTO,AGOSTO,00.001628/2025-99,VIII SIMPÓSIO INTERNACIONAL DE ENTOMOLOGIA DE VIÇOSA,,"Viçosa, Alagoas",,,
São Paulo,44192060000129,ASSOCIAÇÃO DOS ENGENHEIROS AGRÔNOMOS DO ABC,"R$ 70.000,00",88,EVENTO,22/09/2025,26/09/2025,EVENTO,SETEMBRO,00.001827/2025-05,WORKSHOP FEDERAL UFABC 2025,,"Santo André, São Paulo",,,
São Paulo,43369750000148,SINDICATO DOS GEOLOGOS NO ESTADO DE SÃO PAULO - SIGESP,"R$ 70.000,00",87,EVENTO,17/08/2025,21/08/2025,EVENTO,AGOSTO,00.001620/2025-22,18º CONGRESSO BRASILEIRO DE GEOLOGIA DE ENGENHARIA E AMBIENTAL,,Osasco,,,
Mato Grosso,03484789000191,INSTITUTO DE ENGENHARIA DE MATO GROSSO,"R$ 70.000,00",87,EVENTO,16/09/2025,18/09/2025,EVENTO,SETEMBRO,00.001284/2025-18,FEIRA DE NEGÓCIOS E INOVAÇÕES TECNOLÓGICAS,,Cuiabá,,,
Distrito Federal,37174158000198,ASSOCIAÇÃO NACIONAL DE ENGENHARIA DE SEGURANÇA DO TRABALHO,"R$ 70.000,00",87,EVENTO,20/11/2025,22/11/2025,EVENTO,NOVEMBRO,00.001706/2025-55,27º CONGRESSO NACIONAL DE ENGENHARIA DE SEGURANÇA DO TRABALHO,,Brasília,,,
Pernambuco,09795881000159,CONSELHO REGIONAL DE ENGENHARIA E AGRONOMIA DE PERNAMBUCO,"R$ 70.000,00",86,EVENTO,01/06/2025,15/12/2025,EVENTO,JUNHO,00.001292/2025-64,CREA DESENVOLVE (2ª EDIÇÃO),,Recife,,,
Mato Grosso do Sul,33120064000185,ASSOCIACAO SUL MATOGROSSENSE ENGENHEIROS AGRIMENSORE,"R$ 70.000,00",86,EVENTO,10/07/2025,12/07/2025,EVENTO,JULHO,00.001242/2025-87,CONSERVAÇÃO DO SOLO E ÁGUA COM ÊNFASE EM PRÁTICAS MECÂNICAS,,Campo Grande,,,
Rio Grande do Norte,08493330000178,ASSOCIAÇÃO PROFISSIONAL DE GEÓLOGOS DO RIO GRANDE DO NORTE,"R$ 70.000,00",86,EVENTO,19/11/2025,21/11/2025,EVENTO,NOVEMBRO,00.001290/2025-75,XV GEOPOLÍTICAS: EXERCÍCIO PROFISSIONAL EM GEOLOGIA E TRANSIÇÃO ENERGÉTICA,,"Natal, Rio Grande do Norte",,,
Mato Grosso do Sul,00980987000158,SINDICATO DOS ENGENHEIROS NO ESTADO MATO GROSSO DO SUL,"R$ 70.000,00",84,EVENTO,10/09/2025,11/09/2025,EVENTO,SETEMBRO,00.001274/2025-82,3º CINOTENG - CIRCUITO DE INOVAÇÃO E TECNOLOGIA EM ENGENHARIA,,Campo Grande,,,
São Paulo,51264893000113,"ASSEAG - ASSOCIAÇÃO DOS ENGENHEIROS, ARQUITETOS E AGRÔNOMOS DE GUARULHOS","R$ 70.000,00",84,EVENTO,01/10/2025,31/10/2025,EVENTO,OUTUBRO,00.001421/2025-14,31ª REUNIÃO DE NETWORKING E INOVAÇÃO- CONECTA ASSEAG,,Guarulhos,,,
Minas Gerais,17408345000181,ASSOCIAÇÃO VARGINHENSE DE ENGENHEIROS E AGRÔNOMOS,"R$ 70.000,00",84,EVENTO,27/11/2025,29/11/2025,EVENTO,NOVEMBRO,00.001515/2025-93,XXII SEMINÁRIO DE JOVENS LIDERANÇAS,,Varginha,,,
Paraná,80887862000117,"ASSOCIAÇÃO REGIONAL DOS ENGENHEIROS, ARQUITETOS E AGRÔNOMOS DE CIANORTE","R$ 70.000,00",83,EVENTO,23/07/2025,25/07/2025,EVENTO,JULHO,00.001564/2025-26,3º FÓRUM DE AGRO POTENCIALIDADES DA AMENORTE,,Cianorte,,,
Mato Grosso,00964478000131,ASSOCIAÇÃO PROFISSIONAL DOS GEÓLOGOS DO ESTADO DE MATO GROSSO - AGEMAT,"R$ 70.000,00",83,EVENTO,24/07/2025,25/07/2025,EVENTO,JULHO,00.001320/2025-43,XVIII GEO POLÍTICAS: O SETOR MINERAL E OS OBJETIVOS DO DESENVOLVIMENTO SUSTENTÁVEL,,Cuiabá,,,
Paraná,00730040000199,ASSOCIAÇÃO DOS ENGENHEIROS AGRÔNOMOS DO VALE DO PIQUIRI,"R$ 70.000,00",83,EVENTO,30/07/2025,31/07/2025,EVENTO,JULHO,00.001506/2025-01,3º ENCONTRO DE CULTURAS DE VERÃO.,,Ubiratã,,,
Paraná,73464810000172,ASSOCIAÇÃO DOS ENGENHEIROS AGRÔNOMOS DOS CAMPOS GERAIS,"R$ 70.000,00",83,EVENTO,13/08/2025,14/08/2025,EVENTO,AGOSTO,00.001638/2025-24,5º ENCONTRO PARANAENSE DE AGRICULTURA SUSTENTÁVEL,,Ponta Grossa,,,
Paraná,00129434000196,ASSOCIAÇÃO MARINGAENSE DOS ENGENHEIROS AGRÔNOMOS,"R$ 70.000,00",83,EVENTO,03/09/2025,05/09/2025,EVENTO,SETEMBRO,00.001514/2025-49,2º ENCONTRO PARANAENSE DE ADUBAÇÃO DE SISTEMAS.,,Maringá,,,
Paraná,03549695000153,ASSOCIAÇÃO REGIONAL DOS ENGENHEIROS AGRÔNOMOS DE UMUARAMA,"R$ 70.000,00",83,EVENTO,17/09/2025,18/09/2025,EVENTO,SETEMBRO,00.001312/2025-05,5º SEMINÁRIO DE SUSTENTABILIDADE NA AGROPECUÁRIA.,,Umuarama,,,
Paraná,00103543000134,ASSOCIAÇÃO DOS ENGENHEIROS AGRÔNOMOS DA REGIÃO DE IRATI,"R$ 70.000,00",83,EVENTO,24/09/2025,25/09/2025,EVENTO,SETEMBRO,00.001507/2025-47,3º INOVA AGRO – INOVAÇÕES TECNOLÓGICAS NA AGROPECUÁRIA.,,"Irati, Paraná",,,
Paraná,00088563000183,ASSOCIAÇÃO DOS ENGENHEIROS AGRÔNOMOS DA REGIÃO DE FRANCISCO BELTRÃO,"R$ 70.000,00",83,EVENTO,01/10/2025,03/10/2025,EVENTO,OUTUBRO,00.001509/2025-36,3º SIMPÓSIO DE AGRONOMIA DO SUDOESTE.,,Francisco Beltrão,,,
Paraná,02640783000101,ASSOCIAÇÃO DOS ENGENHEIROS AGRÔNOMOS DA REGIÃO DE GUARAPUAVA,"R$ 70.000,00",83,EVENTO,29/10/2025,30/10/2025,EVENTO,OUTUBRO,00.001278/2025-61,DESAFIOS NA AGRICULTURA – SUSTENTABILIDADE EM FOCO.,,Guarapuava,,,
Paraná,00671720000189,ASSOCIAÇÃO DOS ENGENHEIROS AGRÔNOMOS DE CORNÉLIO PROCÓPIO,"R$ 70.000,00",83,EVENTO,05/11/2025,07/11/2025,EVENTO,NOVEMBRO,00.001306/2025-40,I INOVAGRO – INOVAÇÕES TECNOLÓGICAS PARA O AGRONEGÓCIO.,,Cornélio Procópio,,,
Ceará,62916366000758,SOCIEDADE BRASILEIRA DE GEOLOGIA  - NÚCLEO NORDESTE,"R$ 70.000,00",83,EVENTO,14/11/2025,19/11/2025,EVENTO,NOVEMBRO,00.001627/2025-44,30° SIMPÓSIO DE GEOLOGIA DO NORDESTE E 12° SIMPÓSIO DE ROCHAS ORNAMENTAIS DO NORDESTE,,Fortaleza,,,
Paraná,00110266000197,ASSOCIAÇÃO DOS ENGENHEIROS AGRÔNOMOS DO PARANÁ - CURITIBA,"R$ 70.000,00",83,EVENTO,11/09/2025,12/09/2025,EVENTO,SETEMBRO,00.001512/2025-50,2º SIMPÓSIO PARANAENSE DE TECNOLOGIA DE APLICAÇÃO,,,,,
Minas Gerais,12076579000155,INSTITUTO NACIONAL DE ENGENHARIA CIVIL - INEC,"R$ 70.000,00",82,EVENTO,04/07/2025,04/07/2025,EVENTO,JULHO,00.001228/2025-83,PREMIO INFRÃO!,,Belo Horizonte,,,
São Paulo,52346152000144,ASSOCIAÇÃO DOS ENEGNHEIROS ARQUITETOS E AGRÔNOMOS DE ATIBAIA E REGIÃO,"R$ 70.000,00",82,EVENTO,01/08/2025,10/12/2025,EVENTO,AGOSTO,00.001331/2025-23,WORKSHOP DRENAGEM URBANA SUSTENTÁVEL,,Atibaia,,,
São Paulo,51282325000145,ASSOCIAÇÃO DOS ENGENHEIROS ARQUITETOS E AGRÔNOMOS DE INDAIATUBA,"R$ 70.000,00",82,EVENTO,22/09/2025,24/09/2025,EVENTO,SETEMBRO,00.001559/2025-13,WORKSHOP ENGENHARIA E TECNOLOGIA PARA UM FUTURO SUSTENTÁVEL: POLÍTICAS PÚBLICAS E INOVAÇÃO FOMENTANDO OS ODS DA ONU,,Indaiatuba,,,
São Paulo,61712147000107,"ASSOCIAÇÃO DE ENGENHARIA, ARQUITETURA E AGRONOMIA DE MOGI MIRIM","R$ 70.000,00",82,EVENTO,25/09/2025,27/09/2025,EVENTO,SETEMBRO,00.001603/2025-95,WORKSHOP CONTRUINOVA – EXPOSIÇÃO DE INOVAÇÃO E SUSTENTABILIDADE NA CONTRUÇÃO CIVIL (1ª EDIÇÃO),,Mogi Mirim,,,
São Paulo,52800018000171,ABEQ - ASSOCIAÇÃO BRASILEIRA DE ENGENHARIA QUÍMICA,"R$ 70.000,00",82,EVENTO,06/10/2025,10/10/2025,EVENTO,OUTUBRO,00.001237/2025-74,25º COBEQ - CONGRESSO BRASILEIRO DE ENGENHARIA QUÍMICA E 20º ENBEQ - ENCONTRO BRASILEIRO SOBRE O ENSINO EM ENGENHARIA QUÍMICA,,São Paulo,,,
São Paulo,51101830000146,ASSOCIAÇÃO DOS ENGENHEIROS E ARQUITETOS DE PENÁPOLIS,"R$ 70.000,00",82,EVENTO,06/10/2025,08/10/2025,EVENTO,OUTUBRO,00.001598/2025-11,WORKSHOP ENGENHARIA E TECNOLOGIA NO AGRONEGÓCIO PARA UM FUTURO SUSTENTÁVEL,,Penápolis,,,
São Paulo,50802263000192,ASSOCIAÇÃO REGIONAL DOS ENGENHEIROS DE ITAPEVA,"R$ 70.000,00",82,EVENTO,14/10/2025,17/10/2025,EVENTO,OUTUBRO,00.001604/2025-30,"WORKSHOP ENGENHARIA, TECNOLOGIA E INOVAÇÃO DE ITAPEVA PARA UM FUTURO SUSTENTÁVEL",,"Itapeva, São Paulo",,,
Minas Gerais,65171886000181,INSTITUTO MINEIRO DE ENGENHARIA CIVIL - IMEC,"R$ 70.000,00",82,EVENTO,14/11/2025,14/11/2025,EVENTO,NOVEMBRO,00.001266/2025-36,DESTAQUES DA ENGENHARIA 2025!,,Belo Horizonte,,,
Minas Gerais,41778861000182,"ASSOCIAÇÃO REGIONAL DE ENGENHARIA, ARQUITETURA E AGRONOMIA DAS ÁGUAS","R$ 70.000,00",81,EVENTO,10/07/2025,11/07/2025,EVENTO,JULHO,00.001702/2025-77,FÓRUM DA ENGENHARIA E AGRONOMIA - O PAPEL DAS PROFISSÕES NO DESENVOLVIMENTO REGIONAL,,São Lourenço da Mata,,,
São Paulo,49842578000184,"ASSOCIAÇÃO DOS ENGENHEIROS, ARQUITETOS E AGRÔNOMOS DA NOVA ALTA PAULISTA","R$ 70.000,00",81,EVENTO,19/08/2025,19/08/2025,EVENTO,AGOSTO,00.001357/2025-71,SIMPÓSIO DE GESTÃO DE POLITICAS PUBLICAS: SOLUÇÕES SUSTENTÁVEIS E INOVADORAS PARA O DESENVOLVIMENTO URBANO E RURAL,,Adamantina,,,
Minas Gerais,08803152000134,ASSOCIAÇÃO BRASILEIRA DE ENGENHEIROS ELETRICISTAS - DEPARTAMENTO DE MINAS GERAIS – ABEE-MG,"R$ 70.000,00",81,EVENTO,27/08/2025,28/08/2025,EVENTO,AGOSTO,00.001296/2025-42,FÓRUM MINEIRO DE CIDADES INTELIGENTES E SUSTENTÁVEIS,,Belo Horizonte,,,
Piauí,17130979000115,DEPARTAMENTO DO PIAUÍ DA ASSOCIAÇÃO BRASILEIRA DE ENGENHEIROS CIVIS,"R$ 70.000,00",81,EVENTO,11/09/2025,13/09/2025,EVENTO,SETEMBRO,00.001671/2025-54,4ª SEMANA PIAUIENSE DE ENGENHARIA CIVIL DA ABENC-PI,,Teresina,,,
Mato Grosso do Sul,15417520000171,CREA-MS,"R$ 70.000,00",81,EVENTO,10/12/2025,13/12/2025,EVENTO,DEZEMBRO,00.001644/2025-81,"SEMANA DA ENGENHARIA, AGRONOMIA E GEOCIÊNCIA DO CREA MATO GROSSO DO SUL:FORTALECIMENTO DAS PROFISSÕES",,Campo Grande,,,
Paraná,78956679000184,ASSOCIAÇÃO DOS ENGENHEIROS E ARQUITETOS DE APUCARANA,"R$ 60.000,00",82,EVENTO,26/08/2025,28/08/2025,EVENTO,AGOSTO,00.001552/2025-00,5ª SEMANA DAS ENGENHARIAS,,Apucarana,,,
São Paulo,62326772000175,ASSOCIAÇÃO DE ENGENHEIROS AGRÔNOMOS DO ESTADO DE SÃO PAULO,"R$ 60.000,00",80,EVENTO,18/08/2025,12/09/2025,EVENTO,AGOSTO,00.001711/2025-68,DEUSA CERES 2025: DESAFIOS E OPORTUNIDADES PARA A AGRONOMIA PARA AS PRÓXIMAS DÉCADAS 53ª EDIÇÃO – 81 ANOS DE AEASP,,São Paulo,,,
Ceará,04364826000190,INSTITUTO TECNOLÓGICO HIDROAMBIENTAL CULTURAL ESPORTIVO E SOCIAL DO BRASIL – IHAB,"R$ 60.000,00",80,EVENTO,18/11/2025,20/11/2025,EVENTO,NOVEMBRO,00.001371/2025-75,O ENCONTRO INTERCONTINENTAL SOBRE A NATUREZA – O 2025 TEM A FINALIDADE DE PROMOVER A SUSTENTABILIDADE DO MEIO AMBIENTE.,,Fortaleza,,,
Minas Gerais,42788174000100,ASSOCIAÇÃO DE ENGENHARIA MECÂNICA E INDUSTRIAL DE MINAS GERAIS,"R$ 60.000,00",80,EVENTO,27/11/2025,29/11/2025,EVENTO,NOVEMBRO,00.001494/2025-14,6º ATRIBUIÇÃO E VALORIZAÇÃO PROFISSIONAL,,Belo Horizonte,,,
São Paulo,55751812000160,"ASSOCIAÇÃO DOS ENGENHEIROS, ARQUITETOS E AGRÔNOMOS DE ANDRADINA E REGIÃO","R$ 60.000,00",79,EVENTO,01/07/2025,04/07/2025,EVENTO,JULHO,00.001403/2025-32,SEMANA DAS ENGENHARIAS DE ANDRADINA,,Andradina,,,
Santa Catarina,82603655000119,CENTRO DE ENGENHEIROS E ARQUITETOS DE JOINVILLE - CEAJ,"R$ 60.000,00",79,EVENTO,01/07/2025,02/07/2025,EVENTO,JULHO,00.001718/2025-80,2º SEMINÁRIO SUL BRASILEIRO DE QUALIDADE DO AR INTERIOR,,Joinville,,,
São Paulo,51821288000104,"ASSOCIAÇÃO DOS ENGENHEIROS, ARQUITETO E ENGENHEIRO AGRONOMOS DA REGIÃO DE FRANCA","R$ 60.000,00",79,EVENTO,11/08/2025,15/08/2025,EVENTO,AGOSTO,00.001554/2025-91,SEMANA DAS ENGENHARIAS DE FRANCA,,Franca,,,
São Paulo,51107548000176,ASSOCIAÇÃO DOS ENGENHEIROS E ARQUITETOS DE BIRIGUI,"R$ 60.000,00",79,EVENTO,29/08/2025,02/09/2025,EVENTO,AGOSTO,00.001375/2025-53,SEMANA DAS ENGENHARIAS DE BIRIGUI,,Birigui,,,
São Paulo,51845055000133,ASSOCIAÇÃO DOS ENGENHEIROS E AGRÔNOMOS DE FERNANDÓPOLIS,"R$ 60.000,00",79,EVENTO,22/09/2025,26/09/2025,EVENTO,SETEMBRO,00.001417/2025-56,SEMANA DAS ENGENHARIAS DE FERNANDÓPOLIS,,Fernandópolis,,,
São Paulo,68323054000121,"ASSOCIAÇÃO DE ENGENHARIA, ARQUITETURA E AGRONOMIA DE SÃO JOAQUIM DA BARRA","R$ 60.000,00",79,EVENTO,06/10/2025,10/10/2025,EVENTO,OUTUBRO,00.001433/2025-49,SEMANA DAS ENGENHARIAS DE SÃO JOAQUIM DA BARRA,,São Joaquim da Barra,,,
São Paulo,26577060000165,ASSOCIAÇÃO DOS ENGENHEIROS DE SÃO PEDRO E REGIÃO,"R$ 60.000,00",79,EVENTO,06/10/2025,10/10/2025,EVENTO,OUTUBRO,00.001551/2025-57,SEMANA DAS ENGENHARIAS DE SÃO PEDRO,,São Pedro do Turvo,,,
São Paulo,30948016000191,ASSOCIACAO DOS ENGENHEIROS DE MIRANDOPOLIS E REGIAO,"R$ 60.000,00",79,EVENTO,03/11/2025,07/11/2025,EVENTO,NOVEMBRO,00.001416/2025-10,SEMANA DAS ENGENHARIAS DE MIRANDÓPOLIS,,Mirandópolis,,,
São Paulo,59754515000120,"ASSOCIAÇÃO DOS ENGENHEIROS,  ARQUITETOS E AGRÔNOMOS DA ESTÂNCIA TURÍSTICA DE PEREIRA BARRETO E REGIÃO","R$ 60.000,00",79,EVENTO,10/11/2025,14/11/2025,EVENTO,NOVEMBRO,00.001389/2025-77,SEMANA DAS ENGENHARIAS DE PEREIRA BARRETO,,Pereira Barreto,,,
Pará,30017446000190,SOCIEDADE BRASILEIRA DE METEOROLOGIA,"R$ 60.000,00",78,EVENTO,18/08/2025,22/08/2025,EVENTO,AGOSTO,00.001626/2025-08,XI SIMPÓSIO INTERNACIONAL DE CLIMATOLOGIA (XI SIC) E VII SEMINÁRIO INTERNACIONAL DE CLIMATOLOGIA E METEOROLOGIA DO AMAZONAS (VII SIMCA),,Belém,,,
Goiás,01637578000116,CLUBE DE ENGENHARIA DE GOIAS,"R$ 60.000,00",78,EVENTO,20/08/2025,11/12/2025,EVENTO,AGOSTO,00.001276/2025-71,ENGENHARIAS PARA O DESENVOLVIMENTO URBANO SUSTENTÁVEL – 1ª EDIÇÃO.,,Goiânia,,,
São Paulo,48009054000144,"AREA-ASSOCIAÇÃO REGIONAL DE ENGENHARIA, ARQUITETURA E AGRONOMIA DE JABOTICABAL","R$ 60.000,00",78,EVENTO,21/10/2025,23/10/2025,EVENTO,OUTUBRO,00.001777/2025-58,"1ª FEIRA DE INOVAÇÃO, TECNOLOGIA E ENGENHARIAS DE JABOTICABAL: CONEXÕES DO FUTURO",,Jaboticabal,,,
Acre,04090403000120,CONSELHO REGIONAL DE ENGENHARIA E AGRONOMIA DO ACRE,"R$ 60.000,00",78,EVENTO,03/11/2025,14/11/2025,EVENTO,NOVEMBRO,00.001246/2025-65,"IV SEMANA ACREANA DE ENGENHARIA, AGRONOMIA E GEOCIÊNCIAS",,"Rio Branco, Acre",,,
São Paulo,62916366000162,SOCIEDADE BRASILEIRA DE GEOLOGIA,"R$ 60.000,00",77,EVENTO,17/06/2025,10/12/2025,EVENTO,JUNHO,00.001611/2025-31,SÉRIE DE EVENTOS HÍBRIDOS DA SOCIEDADE BRASILEIRA DE GEOLOGIA,,São Paulo,,,
São Paulo,60191244000120,FUNDAÇÃO VALEPARAIBANA DE ENSINO,"R$ 60.000,00",77,EVENTO,29/10/2025,31/10/2025,EVENTO,OUTUBRO,00.001641/2025-48,"27º SEAU – SEMANA DE ENGENHARIAS, ARQUITETURA E URBANISMO - UNIVAP.",,São José dos Campos,,,
Pará,05065511000105,CREA PARA,"R$ 60.000,00",77,EVENTO,04/12/2025,06/12/2025,EVENTO,DEZEMBRO,00.001699/2025-91,X ENAC,,Belém,,,
Rio Grande do Norte,04591560000119,ASSOCIAÇÃO DOS ENGENHEIROS DE SEGURANÇA DO TRABALHO DO RN,"R$ 60.000,00",76,EVENTO,28/08/2025,29/08/2025,EVENTO,AGOSTO,00.001350/2025-50,III CONESSO – CONGRESSO NORTE E NORDESTE EM SEGURANÇA E SAÚDE OCUPACIONAL,,"Natal, Rio Grande do Norte",,,
Rio Grande do Norte,08025934000190,CONSELHO REGIONAL DE ENGENHARIA E AGRONOMIA DO RIO GRANDE DO NORTE,"R$ 60.000,00",76,EVENTO,17/10/2025,17/10/2025,EVENTO,OUTUBRO,00.001649/2025-12,"I FEIRA DE ENGENHARIA, AGRONOMIA E GEOCIÊNCIAS - FEAG",,"Natal, Rio Grande do Norte",,,
São Paulo,58250903000100,ASSOCIAÇÃO DE ENGENHEIROS E ARQUITETOS DE SANTOS,"R$ 60.000,00",76,EVENTO,28/10/2025,29/10/2025,EVENTO,OUTUBRO,00.001404/2025-87,II ENCONTRO: SAÚDE E SEGURANÇA 5.0: PORTO & CIDADE INTELIGENTE 2030,,"Santos, São Paulo",,,
Rio Grande do Sul,92695790002805,CONSELHO REGIONAL DE ENGENHARIA E AGRONOMIA DO RIO GRANDE DO SUL,"R$ 60.000,00",76,EVENTO,13/11/2025,15/11/2025,EVENTO,NOVEMBRO,00.001676/2025-87,CONECTANDO FUTUROS: 1º ENCONTRO ESTADUAL DO CREA JR-RS & 1º ENCONTRO DO CREA JR-SUL,,Porto Alegre,,,
Mato Grosso do Sul,37226669000106,ASSOCIACAO BRASILEIRA DOS ENGENHEIROS MECANICOS SECÇÃO MATO GROSSO DO SUL,"R$ 60.000,00",76,EVENTO,20/11/2025,21/11/2025,EVENTO,NOVEMBRO,00.001758/2025-21,"XXX DEMI MS CARBONO NEUTRO DESAFIOS DA ENGENHARIA MECANICA E INDUSTRIAL DE MATO GROSSO DO SUL, CARBONO NEUTRO",,Campo Grande,,,
São Paulo,45425923000123,ASSOCIAÇÃO DE ENGENHARIA DE BOTUCATU,"R$ 60.000,00",75,EVENTO,01/07/2025,30/11/2025,EVENTO,JULHO,00.001639/2025-79,"CICLO DE PALESTRAS SOBRE “INTELIGÊNCIA ARTIFICIAL, VEÍCULOS ELÉTRICOS, EMPREENDEDORISMO, CIDADES INTELIGENTES, TECNOLOGIAS & INOVAÇÕES NAS ENGENHARIAS”",,Botucatu,,,
São Paulo,48279673000159,"ASSOCIAÇÃO DO PROFISSIONAIS DE ENGENHARIA, ARQUITETURA E AGRONOMIA DE PINDAMONHANGABA","R$ 60.000,00",75,EVENTO,01/07/2025,30/11/2025,EVENTO,JULHO,00.001637/2025-80,CICLO DE PALESTRAS SOBRE “REVOLUÇÃO TECNOLÓGICA E OS DESAFIOS PARA AS ENGENHARIAS NO SÉCULO XXI”,,Pindamonhangaba,,,
Sergipe,12340491000107,ASSOCIAÇÃO BRASILEIRA DE ENGENHEIROS ELETRICISTAS SEÇÃO DE SERGIPE,"R$ 60.000,00",75,EVENTO,10/07/2025,10/12/2025,EVENTO,JULHO,00.001270/2025-02,PROGRAMA ROTA DA SABEDORIA (CICLO DE CURSOS/PALESTRAS),,Aracaju,,,
São Paulo,12517951000111,ASSOCIAÇÃO GUAIRENSE DE ENGENHEIROS E AGRONOMOS,"R$ 60.000,00",75,EVENTO,17/07/2025,18/07/2025,EVENTO,JULHO,00.001527/2025-18,1ª FEIRA NACIONAL DO AGRONEGÓCIO DE IRRIGAÇÃO - GUAÍRA 2025,,"Guaíra, São Paulo",,,
Rio Grande do Norte,09389990000176,INSTITUTO BRASILEIRO DE AVALIAÇÕES E PERICIAS DE ENGENHARIA DO RIO GRANDE DO NORTE - IBAPE-RN,"R$ 60.000,00",75,EVENTO,16/09/2025,18/09/2025,EVENTO,SETEMBRO,00.001450/2025-86,I SEMINÁRIO NACIONAL DE ENGENHARIA DE PERÍCIAS E AVALIAÇÕES - PATOLOGIA DAS EDIFICAÇÕES,,"Natal, Rio Grande do Norte",,,
São Paulo,46940797000108,"ASSOCIAÇÃO DE ENGENHARIA, ARQUITETURA E AGRÔNOMIA DE RIBEIRÃO PRETO","R$ 60.000,00",75,EVENTO,15/10/2025,30/11/2025,EVENTO,OUTUBRO,00.001666/2025-41,"SEMINÁRIO “ENGENHARIA, AGRONOMIA E GEOCIÊNCIAS: DESAFIOS E OPORTUNIDADES EM TEMPOS DE INTELIGÊNCIA ARTIFICIAL” - 1º EDIÇÃO - RIBEIRÃO PRETO",,Ribeirão Preto,,,
São Paulo,61023156000182,FUNDAÇÃO EDUCACIONAL INACIANA PADRE SABÓIA DE MEDEIROS,"R$ 60.000,00",75,EVENTO,16/10/2025,16/10/2025,EVENTO,OUTUBRO,00.001383/2025-08,"XV SIMPÓSIO DE INICIAÇÃO CIENTÍFICA, DIDÁTICA E DE AÇÕES SOCIAIS DE EXTENSÃO DA FEI - SICFEI",,São Paulo,,,
São Paulo,51522290000174,"ASSOCIAÇÃO REGIONAL DOS ENGENHEIROS, ARQUITETOS E AGRÔNOMOS DE AVARÉ","R$ 60.000,00",75,EVENTO,03/11/2025,05/11/2025,EVENTO,NOVEMBRO,00.001557/2025-24,"2ª SEMANA AREA DE INOVAÇÃO TECNOLÓGICA EM ENGENHARIA, AGRONOMIA E GEOCIÊNCIAS - 2A EDIÇÃO, 2025",,"Avaré, São Paulo",,,
Espírito Santo,02980103000190,FUNDAÇÃO ESPIRITO SANTENSE DE TECNOLOGIA - FEST,"R$ 60.000,00",75,EVENTO,24/11/2025,27/11/2025,EVENTO,NOVEMBRO,00.001471/2025-00,CONGRESSO IBERO-LATINO-AMERICANO DE MÉTODOS COMPUTACIONAIS EM ENGENHARIA (CILAMCE),,Vitoria-Gasteiz,,,
Minas Gerais,10484542000130,INSTITUTO METROPOLITANO DE ENGENHARIA E TECNOLOGIA DE MINAS GERAIS,"R$ 60.000,00",74,EVENTO,01/07/2025,31/08/2025,EVENTO,JULHO,00.001321/2025-98,ANÁLISE DE VIABILIDADE ECONÔMICA E FINANCEIRA DE EMPREENDIMENTOS,,Contagem,,,
Mato Grosso,01365758000196,ASSOCIAÇÃO DOS ENGENHEIROS AGRÔNOMOS DA GRANDE RONDONÓPOLIS - AEAGRO,"R$ 60.000,00",74,EVENTO,15/08/2025,31/08/2025,EVENTO,AGOSTO,00.001277/2025-16,12º CICLO DE PALESTRAS AEAGRO,,Rondonópolis,,,
Rio Grande do Sul,89815872000111,ASSOCIACÃO DOS ENGENHEIROS E ARQUITETOS DO VALE DO SINOS,"R$ 60.000,00",74,EVENTO,01/12/2025,03/12/2025,EVENTO,DEZEMBRO,00.001273/2025-38,AEA CONVIDA: DESAFIOS E SOLUÇÕES NA GESTÃO DE TRÂNSITO E TRANSPORTE,,São Leopoldo,,,
Distrito Federal,00528836000163,SOCIEDADE BRASILEIRA DE ENGENHEIROS FLORESTAIS - SBEF,"R$ 60.000,00",73,EVENTO,08/12/2025,12/12/2025,EVENTO,DEZEMBRO,00.001519/2025-71,IV ENCEF - ENCONTRO NACIONAL DE CURSOS DE ENGENHARIA FLORESTAL.,,Brasília,,,
Santa Catarina,03788444000121,ASSOCIAÇAO DOS ENGENHEIROS AGRONOMOS DO OESTE SANTA CATARINA- AEAGRO,"R$ 60.000,00",72,EVENTO,10/06/2025,10/06/2025,EVENTO,JUNHO,00.001413/2025-78,AGRONEXT,,Chapecó,,,
São Paulo,65697641000192,"ASSOCIAÇÃO BANDEIRANTE DOS ENGENEIROS, ARQUITETOS E AGRONOMOS","R$ 60.000,00",72,EVENTO,01/07/2025,30/11/2025,EVENTO,JULHO,00.001381/2025-19,"CICLO DE PALESTRAS SOBRE “REVOLUÇÃO TECNOLÓGICA NA ENGENHARIA: TECNOLOGIAS E CONSTRUÇÕES SUSTENTÁVEIS, INTELIGÊNCIA ARTIFICIAL E VEÍCULOS ELÉTRICOS”",,Santana de Parnaíba,,,
São Paulo,03538637000124,"ASSOCIAÇÃO DE ARQUITETOS, ENGENHEIROS E AGRONOMOS DE ARTUR NOGUEIRA","R$ 60.000,00",72,EVENTO,01/07/2025,30/11/2025,EVENTO,JULHO,00.001651/2025-83,CICLO DE PALESTRAS SOBRE “OS DESAFIOS E TRANSFORMAÇÕES DAS ENGENHARIAS NO SÉCULO XXI”,,Artur Nogueira,,,
São Paulo,58999053000148,ASSOCIAÇÃO DE ENGENHEIROS E AGRÔNOMOS DE PAULÍNIA,"R$ 60.000,00",72,EVENTO,01/07/2025,30/11/2025,EVENTO,JULHO,00.001629/2025-33,CICLO DE PALESTRAS SOBRE “O FUTURO DA ENGENHARIA: INOVAÇÕES SUSTENTÁVEIS E TECNOLOGIAS”,,Paulínia,,,
São Paulo,55357099000175,ASSOCIAÇÃO DE ENGENHEIROS E ARQUITETOS DE SANTA BÁRBARA D OESTE,"R$ 60.000,00",72,EVENTO,01/07/2025,30/11/2025,EVENTO,JULHO,00.001528/2025-62,"CICLO DE PALESTRAS SOBRE “O ENGENHEIRO DO FUTURO: INTELIGÊNCIA ARTIFICIAL, AUTOMAÇÃO E REVOLUÇÃO TECNOLÓGICA NA ENGENHARIA”",,Santa Bárbara d'Oeste,,,
São Paulo,58392424000129,"ASSOCIAÇÃO DE ENGENHEIROS, ARQUITETOS E AGRÔNOMOS DE VALINHOS","R$ 60.000,00",72,EVENTO,01/07/2025,30/11/2025,EVENTO,JULHO,00.001619/2025-06,CICLO DE PALESTRAS SOBRE “SOLUÇÕES INOVADORAS E TECNOLÓGICAS PARA AS ENGENHARIAS”,,Valinhos,,,
São Paulo,44645166000130,ASSOCIAÇÃO DOS ENGENHEIROS DE JUNDIAI,"R$ 60.000,00",72,EVENTO,01/07/2025,30/11/2025,EVENTO,JULHO,00.001419/2025-45,"CICLO DE PALESTRAS SOBRE “TECNOLOGIAS, INOVAÇÕES & SUSTENTABILIDADE NAS ENGENHARIAS: IMPRESSÃO 3D, ENERGIAS RENOVÁVEIS, CONSTRUÇÕES SUSTENTÁVEIS, DRONES E INTELIGÊNCIA ARTIFICIAL”",,Jundiaí,,,
São Paulo,51325736000170,ASSOCIAÇÃO DOS ENGENHEIROS E ARQUITETOS DE ARARAS,"R$ 60.000,00",72,EVENTO,01/07/2025,30/11/2025,EVENTO,JULHO,00.002296/2025-60,CICLO DE PALESTRAS SOBRE “TECNOLOGIAS & INOVAÇÕES NAS ENGENHARIAS”,,Araras,,,
São Paulo,51308062000104,ASSOCIAÇÃO DOS ENGENHEIROS E ARQUITETOS DE ITATIBA - AEAI,"R$ 60.000,00",72,EVENTO,01/07/2025,30/11/2025,EVENTO,JULHO,00.001680/2025-45,"CICLO DE PALESTRAS SOBRE “PROJETANDO O FUTURO DAS ENGENHARIAS: INTELIGÊNCIA ARTIFICIAL, EMPREENDEDORISMO, BIM, DRONES E CONSTRUÇÕES SUSTENTÁVEIS",,Itatiba,,,
São Paulo,50811009000150,ASSOCIAÇÃO DOS ENGENHEIROS E ARQUITETOS DE ITU,"R$ 60.000,00",72,EVENTO,01/07/2025,30/11/2025,EVENTO,JULHO,00.001443/2025-84,CICLO DE PALESTRAS SOBRE “INOVAÇÕES SUSTENTÁVEIS: O FUTURO DA ENGENHARIA E TECNOLOGIA”,,"Itu, São Paulo",,,
São Paulo,51055010000165,"ASSOCIAÇÃO DOS ENGENHEIROS, AGRÔNOMOS E ARQUITETOS DE AMERICANA","R$ 60.000,00",72,EVENTO,01/07/2025,30/11/2025,EVENTO,JULHO,00.001529/2025-15,4º CICLO DE PALESTRAS: SOLUÇÕES TECNOLÓGICAS E INOVADORAS PARA AS ENGENHARIAS,,"Americana, São Paulo",,,
São Paulo,45032406000194,"ASSOCIAÇÃO DOS ENGENHEIROS, AGRÔNOMOS E ARQUITETOS DE BAURU","R$ 60.000,00",72,EVENTO,01/07/2025,30/11/2025,EVENTO,JULHO,00.001601/2025-04,"CICLO DE PALESTRAS SOBRE “REVOLUÇÃO TECNOLÓGICA NA ENGENHARIA: CONSTRUÇÕES SUSTENTÁVEIS, INTELIGÊNCIA ARTIFICIAL, DRONES E VEÍCULOS ELÉTRICOS”",,Bauru,,,
São Paulo,49891591000123,"ASSOCIAÇÃO DOS ENGENHEIROS, ARQUITETOS E AGRÔNOMOS DA REGIÃO DE OURINHOS","R$ 60.000,00",72,EVENTO,01/07/2025,30/11/2025,EVENTO,JULHO,00.001865/2025-50,CICLO DE PALESTRAS SOBRE “ENGENHARIAS: SOLUÇÕES TECNOLÓGICAS E INOVADORAS”,,Ourinhos,,,
São Paulo,60240546000141,"ASSOCIAÇÃO DOS ENGENHEIROS, ARQUITETOS E AGRONOMOS DE MONTE ALTO-AEAA-MA","R$ 60.000,00",72,EVENTO,01/07/2025,30/11/2025,EVENTO,JULHO,00.001218/2025-48,"CICLO DE PALESTRAS SOBRE “TECNOLOGIAS, SUSTENTABILIDADE, EMPREENDEDORISMO, BIM, INTELIGÊNCIA ARTIFICIAL & INOVAÇÕES NAS ENGENHARIAS",,"Monte Alto, São Paulo",,,
São Paulo,50823434000160,ASSOCIAÇÃO REGIONAL DE ENGENHEIROS DE TATUÍ,"R$ 60.000,00",72,EVENTO,01/07/2025,30/11/2025,EVENTO,JULHO,00.001446/2025-18,"CICLO DE PALESTRAS SOBRE “TECNOLOGIAS, SUSTENTABILIDADE, EMPREENDEDORISMO & INOVAÇÕES: PROJETANDO O FUTURO DAS ENGENHARIAS”",,Tatuí,,,
Sergipe,13043377000170,CLUBE DE ENGENHARIA DE SERGIPE,"R$ 60.000,00",72,EVENTO,19/07/2025,19/07/2025,EVENTO,JULHO,00.001853/2025-25,CONFERÊNCIA NACIONAL DE ENGENHARIA E AGRONOMIA: INOVAÇÃO E PRÁTICAS SUSTENTÁVEIS PARA O FUTURO,,Aracaju,,,
São Paulo,54354600000187,ASSOCIAÇÃO MONGAGUAENSE DE ENGENHEIROS E ARQUITETOS,"R$ 60.000,00",72,EVENTO,11/08/2025,30/09/2025,EVENTO,AGOSTO,00.001525/2025-29,2ª CONSTRUINOVA LITORAL 2025,,Mongaguá,,,
Paraná,81394017000172,ASSOCIAÇÃO PLATINENSE DE ENGENHARIA  ARQUITETURA E AGRONOMIA,"R$ 60.000,00",72,EVENTO,13/08/2025,17/08/2025,EVENTO,AGOSTO,00.001378/2025-97,EXPOEFAPI 2025,,Santo Antônio da Platina,,,
Santa Catarina,84592369000120,FUNDAÇÃO UNIVERSIDADE DO OESTE DE SANTA CATARINA,"R$ 60.000,00",72,EVENTO,26/08/2025,27/08/2025,EVENTO,AGOSTO,00.001302/2025-61,IX SIMPÓSIO INTEGRADO DAS ENGENHARIAS DA ACET - INOVANDO COM SUSTENTABILIDADE,,Joaçaba,,,
Rio Grande do Norte,08449597000168,SINDICATO DOS ENGENHEIROS AGRONOMOS NO ESTADO DO RN,"R$ 60.000,00",72,EVENTO,11/09/2025,12/09/2025,EVENTO,SETEMBRO,00.001402/2025-98,2º ENCONTRO REGIONAL DE ENGENHEIROS AGRONOMOS,,"Natal, Rio Grande do Norte",,,
São Paulo,51207413000182,ASSOCIAÇÃO BRASILEIRA DE ÁGUAS SUBTERRÂNEAS,"R$ 60.000,00",72,EVENTO,15/09/2025,16/09/2025,EVENTO,SETEMBRO,00.001341/2025-69,VIII CONGRESSO INTERNACIONAL DE MEIO AMBIENTE SUBTERRÂNEO (VIII CIMAS),,São Paulo,,,
Espírito Santo,07060966000163,CENTRO DE DESENVOLVIMENTO DO AGRONEGÓCIO - CEDAGRO,"R$ 60.000,00",72,EVENTO,07/10/2025,09/10/2025,EVENTO,OUTUBRO,00.001545/2025-08,O VIII CONGRESSO BRASILEIRO DE REFLORESTAMENTO AMBIENTAL – VIII CBRA,,"Vitória, Espírito Santo",,,
São Paulo,46314464000173,"ASSOCIAÇÃO DE ENGENHARIA, ARQUITETURA, AGRONOMIA E GEOLOGIA DE RIO CLARO","R$ 60.000,00",72,EVENTO,17/10/2025,18/10/2025,EVENTO,OUTUBRO,00.001766/2025-78,3º WORKSHOP DE ENGENHARIA E INOVAÇÃO DE RIO CLARO - DESAFIO DE INOVAÇÃO,,"Rio Claro, São Paulo",,,
Paraíba,08846230000188,ASSOCIACAO TECNICO CIENTIFICA ERNESTO LUIS DE O JUNIOR,"R$ 60.000,00",72,EVENTO,03/11/2025,08/11/2025,EVENTO,NOVEMBRO,00.001822/2025-74,3º CORTEC - CONGRESSO DE TECNOLOGIA EM CONSTRUÇÕES - TERCEIRA EDIÇÃO,,Campina Grande,,,
Rio Grande do Sul,92965813000134,SOCIEDADE DE ENGENHARIA DO RIO GRANDE DO SUL,"R$ 60.000,00",71,EVENTO,12/06/2025,13/11/2025,EVENTO,JUNHO,00.001265/2025-91,SERGS DEBATES E ENCONTRO DE MULHERES NA ENGENHARIA,,Porto Alegre,,,
Goiás,01012236000100,ASSOCIAÇÃO DOS ENGENHEIROS AGRÔNOMOS DE GOIÁS,"R$ 60.000,00",71,EVENTO,26/06/2025,27/06/2025,EVENTO,JUNHO,00.001281/2025-84,ESTRATÉGIAS PARA O FUTURO DOS ENGENHEIROS AGRÔNOMOS NO BRASIL,,Goiânia,,,
São Paulo,56897143000100,"ASSOCIAÇÃO DOS ENGENHEIROS, ARQUITETOS E AGRONOMOS DE TAQUARITINGA","R$ 60.000,00",71,EVENTO,01/10/2025,31/10/2025,EVENTO,OUTUBRO,00.001499/2025-39,"CONECTANDO SABERES: INTELIGÊNCIA ARTIFICIAL A SERVIÇO DA ENGENHARIA, AGRONOMIA E GEOCIÊNCIAS - 1A EDIÇÃO, 2025",,Taquaritinga,,,
São Paulo,51809416000196,"ASSOCIAÇÃO DE ENGENHARIA, ARQUITETURA E AGRONOMIA DE SERTÃOZINHO","R$ 60.000,00",71,EVENTO,06/10/2025,14/11/2025,EVENTO,OUTUBRO,00.001786/2025-49,“TECH SUMMIT 2025-A REVOLUÇÃO DIGITAL NA INDÚSTRIA” - 1ª EDIÇÃO - SERTÃOZINHO/SP,,Sertãozinho,,,
Rio Grande do Sul,59838045000182,ASSOCIAÇÃO NACIONAL DE TECNOLOGIA DO AMBIENTE CONSTRUÍDO,"R$ 50.000,00",70,EVENTO,11/06/2025,13/06/2025,EVENTO,JUNHO,00.001587/2025-31,SBTA 2025 ‐ XV SIMPÓSIO BRASILEIRO DE TECNOLOGIA DAS ARGAMASSAS,,Porto Alegre,,,
Espírito Santo,23281658000114,ASSOCIACAO CAPIXABA DE ENGENHEIROS DE MINAS-ACEMIN,"R$ 50.000,00",70,EVENTO,09/07/2025,10/07/2025,EVENTO,JULHO,00.001544/2025-55,"1º SEMINÁRIO ESTADUAL DE MINERAÇÃO E DIREITO MINERÁRIO: INOVAÇÃO, REGULAÇÃO E SUSTENTABILIDADE",,Vitória Brasil,,,
São Paulo,61647483000105,INSTITUTO DE ENGENHARIA,"R$ 50.000,00",70,EVENTO,04/08/2025,29/08/2025,EVENTO,AGOSTO,00.001744/2025-16,SEMANA NACIONAL DA ENGENHARIA 2025 (2ª EDIÇÃO),,São Paulo,,,
Goiás,37427101000153,ASSOCIAÇÃO GOIANA DE ENGENHEIROS DE SEGURANÇA DO TRABALHO,"R$ 50.000,00",70,EVENTO,08/08/2025,09/08/2025,EVENTO,AGOSTO,00.001571/2025-28,SOS DA SEGURANÇA E SAÚDE NO TRABALHO: PRÁTICAS EFICAZES PARA UM AMBIENTE SEGURO E SAUDÁVEL.,,Goiânia,,,
Mato Grosso do Sul,03970688000120,AEAMS,"R$ 50.000,00",70,EVENTO,10/09/2025,10/09/2025,EVENTO,SETEMBRO,00.001143/2025-03,O 1° WORKSHOP: ENGENHEIROS AGRÔNOMOS NO FUTURO SUSTENTÁVEL,,Campo Grande,,,
Ceará,08918421000108,"FUNDACAO DE APOIO A SERVICOS TECNICOS, ENSINO E FOMENTO A PESQUISAS - FUNDACAO ASTEF","R$ 50.000,00",70,EVENTO,14/10/2025,17/10/2025,EVENTO,OUTUBRO,00.001516/2025-38,XV WORKSHOP E SIMPÓSIO LATINO-AMERICANO DE DIGESTÃO ANAERÓBIA,,Fortaleza,,,
Distrito Federal,35347544000109,ASSOCIACAO DOS ENGENHEIROS AMBIENTAIS E SANITARISTAS DO DISTRITO FEDERAL,"R$ 50.000,00",69,EVENTO,10/09/2025,12/09/2025,EVENTO,SETEMBRO,00.001696/2025-58,II ENCONTRO CENTRO OESTE DE ENGENHARIA AMBIENTAL E SANITÁRIA (II ECOEAS),,Brasília,,,
Maranhão,06352421000168,UNIVERSIDADE ESTADUAL DO MARANHÃO,"R$ 50.000,00",69,EVENTO,20/10/2025,22/10/2025,EVENTO,OUTUBRO,00.001487/2025-12,XII SEMANA ACADÊMICA DAS CIÊNCIAS AGRÁRIAS,,"São Luís, Maranhão",,,
Rio de Janeiro,72060999000175,"FUNDAÇÃO COORDENAÇÃO DE PROJETOS, PESQUISAS E ESTUDOS TECNOLÓGICOS - COPPETEC","R$ 50.000,00",69,EVENTO,04/12/2025,05/12/2025,EVENTO,DEZEMBRO,00.001360/2025-95,22º CONGRESSO RIO DE TRANSPORTES (22º RDT),,Rio de Janeiro,,,
Pernambuco,08796963000155,SINDICATO DOS ENGENHEIROS NO ESTADO DE PERNAMBUCO,"R$ 50.000,00",68,EVENTO,20/06/2025,22/06/2025,EVENTO,JUNHO,00.001393/2025-35,CONGRESSO NORDESTINO DE MULHERES ENGENHEIRAS,,Recife,,,
Piauí,28709437000118,ASSOCIAÇÃO DOS ENGENHEIROS AGRÔNOMOS DA MACRORREGIÃO DE PICOS,"R$ 50.000,00",68,EVENTO,18/08/2025,20/08/2025,EVENTO,AGOSTO,00.001253/2025-67,II SEMINÁRIO DA AGRICULTURA PIAUIENSE,,Picos,,,
Rio Grande do Sul,97133920000110,ASSOCIAÇÃO SUL-RIO-GRANDENSE DE ENGENHARIA DE SEGURANÇA DO TRABALHO - ARES,"R$ 50.000,00",68,EVENTO,27/08/2025,29/08/2025,EVENTO,AGOSTO,00.001298/2025-31,X SEMINÁRIO CIDADES EM TRÂNSITO - TRILHOS E PNEUS: MOBILIDADE SEGURA E SUSTENTÁVEL,,Porto Alegre,,,
Amapá,04658423000154,ASSOCIAÇÃO DOS ENGENHEIROS FLORESTAIS DO AMAPÁ - AEFA,"R$ 50.000,00",68,EVENTO,23/09/2025,26/09/2025,EVENTO,SETEMBRO,00.001249/2025-07,IV CONGRESSO AMAPAENSE DE ENGENHARIA FLORESTAL,,Macapá,,,
Rio Grande do Sul,88113147000139,SOCIEDADE DE ENGENHARIA E ARQUITETURA DE SANTA MARIA,"R$ 50.000,00",68,EVENTO,05/11/2025,07/11/2025,EVENTO,NOVEMBRO,00.001256/2025-09,XI SEMINÁRIO CIDADES EM TRÂNSITO,,"Santa Maria, Rio Grande do Sul",,,
Rio Grande do Sul,92675362000109,SINDICATO DOS ENGENHEIROS NO ESTADO DO RIO GRANDE DO SUL,"R$ 50.000,00",68,EVENTO,11/12/2025,11/12/2025,EVENTO,DEZEMBRO,00.001772/2025-25,29ª EDIÇÃO PAINÉIS DA ENGENHARIA:  INTELIGÊNCIA ARTIFICIAL NA ENGENHARIA: DESAFIOS E OPORTUNIDADES,,Porto Alegre,,,
Espírito Santo,27373125000113,SOCIEDADE ESPÍRITO-SANTENSE DE ENGENHEIROS,"R$ 50.000,00",67,EVENTO,29/08/2025,29/08/2025,EVENTO,AGOSTO,00.001363/2025-29,"2ª CONFERÊNCIA ESTADUAL DE ENGENHARIA, AGRONOMIA E GEOCIÊNCIAS PARA SERVIDORES PÚBLICOS",,"Vitória, Espírito Santo",,,
São Paulo,28135593000112,ASSOCIAÇÃO ÁGUA SUSTENTÁVEL,"R$ 50.000,00",67,EVENTO,14/10/2025,15/10/2025,EVENTO,OUTUBRO,00.001885/2025-21,II CARBONLESS SUMMIT 2025,,São Paulo,,,
São Paulo,00831655000101,ASSOCIAÇÃO DE ENGENHEIROS E ARQUITETOS DE ITAPIRA,"R$ 50.000,00",66,EVENTO,15/09/2025,31/10/2025,EVENTO,SETEMBRO,00.001517/2025-82,1º SIMPÓSIO DE ENGENHARIA & ENERGIA SOLAR,,Itapira,,,
Distrito Federal,62916366001053,SOCIEDADE BRASILEIRA DE GEOLOGIA NÚCLEO BRASILIA,"R$ 50.000,00",66,EVENTO,21/09/2025,24/09/2025,EVENTO,SETEMBRO,00.001663/2025-16,"XVIII SIMPÓSIO DE GEOLOGIA DO CENTRO-OESTE (SGCO) - ""DESAFIOS E OPORTUNIDADES PARA A K170TRANSIÇÃO ENERGÉTICA",,Brasília,,,
São Paulo,04057497000135,"ASSOCIAÇÃO DOS ENGENHEIROS, ARQUITETOS, AGRÔMOMOS E TÉCNICOS DE ITAPEVI","R$ 50.000,00",66,EVENTO,22/09/2025,31/10/2025,EVENTO,SETEMBRO,00.001566/2025-15,"WORKSHOP PROFISSIONAIS DO FUTURO: A INOVAÇÃO E EMPREENDEDORISMO COM IA - 1A EDIÇÃO, 2025",,Itapevi,,,
Goiás,01619022000105,CONSELHO REGIONAL DE ENGENHARIA E AGRONOMIA DE GOIAS,"R$ 50.000,00",65,EVENTO,25/07/2025,27/07/2025,EVENTO,JULHO,00.001681/2025-90,IV ENESC – CREA-GO JOVEM,,Goiânia,,,
Espírito Santo,54167652000144,"ASSOCIACAO FEMININA DE ENGENHARIA, AGRONOMIA E GEOCIENCIAS DO ESPIRITO SANTO - AFEAG-ES","R$ 50.000,00",65,EVENTO,16/08/2025,17/08/2025,EVENTO,AGOSTO,00.001542/2025-66,"2º SEMINÁRIO CAPIXABA DA MULHER NA ENGENHARIA, AGRONOMIA E GEOCIÊNCIAS",,"Vitória, Espírito Santo",,,
Santa Catarina,97522977000100,ASSOCIAÇÃO DOS ENGENHEIROS AGRÔNOMOS DA REGIÃO DE FLORIANÓPOLIS/SC,"R$ 50.000,00",65,EVENTO,08/09/2025,05/10/2025,EVENTO,SETEMBRO,00.001807/2025-26,"EVENTO HÍBRIDO: SUSTENTABILIDADE E ENGENHARIA, AGRONOMIA E GEOCIÊNCIAS - CORRIDA PELO FUTURO SUSTENTÁVEL",,Florianópolis,,,
Rio Grande do Sul,90153842000176,SOCIEDADE DOS ENGENHEIROS E ARQUITETOS DE SANTA CRUZ,"R$ 50.000,00",65,EVENTO,03/11/2025,07/11/2025,EVENTO,NOVEMBRO,00.001303/2025-14,"6A. SEMANA DA ARQUITETURA, ENGENHARIA E CONSTRUÇÃO.",,Santa Cruz do Sul,,,
Minas Gerais,07500552000108,AMPEA -ASSOC.MEDIO PARAOPEBANA DOS PROF.DE ENGENHARIA E AGRONOMIA,"R$ 50.000,00",63,EVENTO,31/10/2025,31/10/2025,EVENTO,OUTUBRO,00.001289/2025-41,"EVENTO COM PALESTRA E DESTACANDO OS PROJETOS DE ENGENHARIA REALIZADOS NAS CIDADES DO MEDIO PARAOPEBA NO ANO DE 2025 ASSIM COMO PROJETOS DESENVOLVIDOS POR ALUNOS COM ENFASE EM TECNOLOGIA E SUSTENTABILIDADE, PARA ESTIMULAR INOVAÇÃO, ATUALIZAÇÃO E GERAÇÃO DE CONHECIMENTO TÉCNICO-CIENCO, DIVULGANDO NA CIDADE AÇÕES E PROJETOS VOLTADOS AO DESENVOLVIMENTO TECNOLÓGICO COM DISCUSSÕES, AÇÕES E ESTUDOS RELACIONADOS AO EXERCÍCIO, REGULAMENTAÇÃO E FISCALIZAÇÃO PROFISSIONAL.",,Betim,,,
Paraná,76654607000157,INSTITUTO DE ENGENHARIA DO PARANÁ,"R$ 50.000,00",61,EVENTO,01/12/2025,06/12/2025,EVENTO,DEZEMBRO,00.001261/2025-11,31° SEMANA DA ENGENHARIA DO IEP,,Curitiba,,,
Mato Grosso,14930515000103,ASSOCIACAO DOS GEOLOGOS DE CUIABA,"R$ 40.000,00",100,PUBLICAÇÃO,28/11/2025,,LIVRO,NOVEMBRO,00.001269/2025-70,LIVRO - GEOPATRIMÔNIO EM GEOPARQUES NO BRASIL,,,,,
Rio Grande do Sul,87752135000191,ASSOCIACAO PROFISSIONAL SUL BRASILEIRA DE GEOLOGOS - APSG,"R$ 40.000,00",94,PUBLICAÇÃO,31/10/2025,,LIVRO,OUTUBRO,00.001401/2025-43,LIVRO - HISTÓRICO DA FORMAÇÃO E DO EXERCÍCIO PROFISSIONAL NAS ENGENHARIAS E NA AGRONOMIA: DO BRASIL COLONIAL AO BRASIL XXI,,,,,
Bahia,14313381000173,ASSOCIAÇÃO BAIANA DE GEÓLOGOS,"R$ 40.000,00",94,PUBLICAÇÃO,15/12/2025,,LIVRO,DEZEMBRO,00.001288/2025-04,"LIVRO - CARTOGRAFIA GEOLÓGICA E GEOÉTICA, LIVRO, 1A. EDIÇAO",,,,,
Espírito Santo,19462832000158,ASSOCIAÇÃO DOS PROFISSIONAIS DE ENGENHARIA AMBIENTAL DO ESPIRITO SANTO,"R$ 40.000,00",90,PUBLICAÇÃO,31/08/2025,,LIVRO,AGOSTO,00.001334/2025-67,LIVRO - SOU ENGENHEIRO E AGORA? REINVENTE SUA CARREIRA E CONQUISTE O MERCADO,,,,,
Santa Catarina,75876706000110,ASSOCIAÇÃO PROFISSIONAIS DOS GEÓLOGOS DO ESTADO DE SC - AGESC,"R$ 40.000,00",84,PUBLICAÇÃO,25/09/2025,,LIVRO,SETEMBRO,00.001687/2025-67,LIVRO - DIÁLOGOS GEOLÓGICOS - É PRECISO CONVERSAR MAIS COM A TERRA,,,,,
Pernambuco,24303422000102,ASSOCIACAO DOS ENG ARQUITETOS E AGRONOMOS DO MEDIO SAO FRANCISCO,"R$ 40.000,00",84,PUBLICAÇÃO,30/09/2025,,LIVRO,SETEMBRO,00.001679/2025-11,LIVRO - MANUAL BÁSICO ENGENHARIA DE IRRIGAÇÃO ELABORAÇÃO DE PROJETOS,,,,,
São Paulo,52502747000141,ASSOCIACAO PAULISTA DE GEOLOGOS - APG,"R$ 40.000,00",84,PUBLICAÇÃO,10/10/2025,,LIVRO,OUTUBRO,00.001591/2025-07,LIVRO - PROJETO DE USINAS HIDRELÉTRICAS - PASSO A PASSO,,,,,
São Paulo,03247823000104,ASSOCIAÇÃO DOS ENGENHEIROS ARQUITETOS AGRÔNOMOS GEÓLOGOS TECNÓLOGOS E TECNICOS DE 2º GRAU DE BARUERI,"R$ 40.000,00",84,PUBLICAÇÃO,30/10/2025,,LIVRO,OUTUBRO,00.001468/2025-88,LIVRO - MANUAL TÉCNICO DOS PROFISSIONAIS DA ENGENHARIA E AGRONOMIA,,,,,
São Paulo,48896997000136,ASSOCIAÇÃO DOS ENGENHEIROS E ARQUITETOS DE OSASCO,"R$ 40.000,00",84,PUBLICAÇÃO,31/10/2025,,LIVRO,OUTUBRO,00.001255/2025-56,LIVRO - ZONEAMENTO E CÓDIGO DE OBRAS E  EDIFICAÇÕES DO MUNICÍPIO DE OSASCO,,,,,
São Paulo,15539734000110,ASSOCIAÇÃO DE ENGENHEIROS E AGRÔNOMOS DE CAJAMAR,"R$ 40.000,00",84,PUBLICAÇÃO,15/09/2025,,LIVRO,SETEMBRO,00.001482/2025-81,"LIVRO - CÓDIGO DE ÉTICA PROFISSIONAL DA ENGENHARIA, DA AGRONOMIA, DA GEOLOGIA, DA GEOGRAFIA E DA METEOROLOGIA",,,,,
Pernambuco,09940750000118,INSTITUTO BRASILEIRO DE AVALIACOES E PERICIAS DE ENGENHARIA DO ESTADO DE PERNAMBUCO,"R$ 40.000,00",60,EVENTO,05/06/2025,04/12/2025,EVENTO,JUNHO,00.001387/2025-88,SIMPÓSIOS IBAPE-PE 2025,,Recife,,,
Minas Gerais,21150776000168,IBAPE-MG,"R$ 40.000,00",60,EVENTO,12/06/2025,12/06/2025,EVENTO,JUNHO,00.001318/2025-74,WORKSHOP SOBRE VÍCIOS CONSTRUTIVOS,,Belo Horizonte,,,
Santa Catarina,78511235000135,ASSOCIAÇÃO DE ENGENHEIROS E AGRONOMOS DE FRAIBURGO- ASSEAF,"R$ 40.000,00",60,EVENTO,13/08/2025,14/08/2025,EVENTO,AGOSTO,00.001569/2025-59,3ª EDIÇÃO DO ENGINOVA - SEMINÁRIO DE ENGENHARIA E INOVAÇÃO,,Fraiburgo,,,
Minas Gerais,21138623000103,ASSOCIAÇÃO SETE LAGOANA DE ENGENHEIROS,"R$ 40.000,00",60,EVENTO,17/09/2025,17/09/2025,EVENTO,SETEMBRO,00.001686/2025-12,4 EDIÇÃO DO ENGENHEIROS FORA DA CURVA,,Sete Lagoas,,,
Mato Grosso do Sul,03862299000181,ASSOCIAÇÃO DOS ENGENHEIROS AGRÔNOMOS DA GRANDE DOURADOS,"R$ 40.000,00",59,EVENTO,04/09/2025,06/09/2025,EVENTO,SETEMBRO,00.001713/2025-57,IX NCONTRO DE PROFISSIONAIS E ESTUDANTES DE AGRONOMIA EPEA E I SIMPÓSIO DE IRRIGAÇÃO DO CENTRO-OESTE: RUMO À PRODUÇÃO SUSTENTÁVEL NA AGRICULTURA FAMILIAR COM FOCO NO USO EFICIENTE DA ÁGUA,,Dourados,,,
São Paulo,65714784000165,INSTITUTO BRASILEIRO DE AVALIAÇÕES E PERÍCIAS DE ENGENHARIA DE SÃO PAULO,"R$ 40.000,00",59,EVENTO,12/09/2025,12/09/2025,EVENTO,SETEMBRO,00.001495/2025-51,1º SEMINÁRIO DE PERÍCIA TRABALHISTA DO IBAPE/SP: O PAPEL DO PERITO NO CONJUNTO PROBATÓRIO DO DIREITO DO TRABALHO,,São Paulo,,,
Paraná,79320065000174,ASSOCIAÇÃO REGIONAL DOS ENGENHEIROS CIVIS DE IRATI,"R$ 40.000,00",58,EVENTO,03/06/2025,07/08/2025,EVENTO,JUNHO,00.001904/2025-19,"PROJETO MANIFESTO ESG: CAPACITAÇÃO EM SUSTENTABILIDADE PARA PROFISSIONAIS E ESTUDANTES DA ENGENHARIA, GEOCIÊNCIA E AGRO",,"Irati, Santa Catarina",,,
Distrito Federal,02009204000119,"ASSOCIAÇÃO BRASILEIRA DE ENGENHEIROS MECÂNICOS, SEÇÃO DF","R$ 40.000,00",58,EVENTO,21/08/2025,21/08/2025,EVENTO,AGOSTO,00.001577/2025-03,26º  AQUITEMTECNOLOGIA HVAC-R SOLUÇÕES PARA A DESCARBONIZAÇÃO,,Brasília,,,
Espírito Santo,27055235000137,CONSELHO REGIONAL DE ENGENHARIA E AGRONOMIA DO ESPÍRITO SANTO,"R$ 40.000,00",58,EVENTO,30/08/2025,30/08/2025,EVENTO,AGOSTO,00.001656/2025-14,3ª JORNADA DE CAPACITAÇÃO PARA INSPETORES DO CREA-ES – EDIÇÃO 2025,,"Vitória, Espírito Santo",,,
Santa Catarina,83649830000171,ASSOCIAÇÃO  BENEFICENTE DA INDUSTRIA CARBONÍFERA DA SANTA CATARINA,"R$ 40.000,00",57,EVENTO,02/06/2025,04/06/2025,EVENTO,JUNHO,00.001707/2025-08,III SIMPÓSIO DE APLICAÇÕES PARA ENGENHARIA,,Criciúma,,,
Paraná,77804979000185,ASSOCIAÇÃO REGIONAL DOS ENGENHEIROS E ARQUITETOS DE MARECHAL CÂNDIDO RONDON,"R$ 40.000,00",57,EVENTO,23/07/2025,27/07/2025,EVENTO,JULHO,00.001264/2025-47,EXPORONDON 2025,,Cândido Rondon,,,
São Paulo,01664591000164,FUNDAÇÃO PARA O DESENVOLVIMENTO DE BAURU,"R$ 40.000,00",57,EVENTO,11/11/2025,13/11/2025,EVENTO,NOVEMBRO,00.001767/2025-12,XXXII SIMPÓSIO DE ENGENHARIA DE PRODUÇÃO – SIMPEP,,Bauru,,,
Sergipe,13033030000146,ASSOCIAÇÃO DE ENGENHEIROS AGRÔNOMOS DE SERGIPE - AEASE,"R$ 40.000,00",56,EVENTO,14/06/2025,14/06/2025,EVENTO,JUNHO,00.001231/2025-05,FEIRA ORGÂNICA E CULTURAL (XII EDIÇÃO),,Aracaju,,,
Paraná,29177350000100,ASSOCIAÇÃO NORTE PARANAENSE DOS ENGENHEIROS AMBIENTAIS,"R$ 40.000,00",56,EVENTO,18/11/2025,20/11/2025,EVENTO,NOVEMBRO,00.001344/2025-01,3º FÓRUM NORTE PARANAENSE EM GESTÃO DE RESÍDUOS SÓLIDOS,,Londrina,,,
Santa Catarina,08038132000114,ASSOCIACAO BRASILEIRA DE ENGENHEIROS ELETRICISTAS SC- A.B.E.E-SC,"R$ 40.000,00",55,EVENTO,12/06/2025,12/06/2025,EVENTO,JUNHO,00.001661/2025-19,IMPACTOS E SOLUÇÕES NO CRESCIMENTO DA GERAÇÃO DISTRIBUÍDA,,Rio do Sul,,,
Santa Catarina,82747460000142,ASSOCIAÇÃO DOS MUNICÍPIOS DA REGIÃO DA FOZ DO RIO ITAJAÍ - AMFRI,"R$ 40.000,00",55,EVENTO,01/07/2025,15/12/2025,EVENTO,JULHO,00.001781/2025-16,PROGRAMA REGIONAL DE CAPACITAÇÃO CONTINUADA – PRECAP MEIO AMBIENTE - 2ª EDIÇÃO,,Itajaí,,,
Santa Catarina,82517897000190,SINDICATO DOS ENGENHEIROS NO ESTADO DE SANTA CATARINA - SENGE-SC,"R$ 40.000,00",55,EVENTO,08/09/2025,08/09/2025,EVENTO,SETEMBRO,00.001449/2025-51,SEMINÁRIO CONSTRUÇÕES INTELIGENTES: PONTES E PORTOS,,Florianópolis,,,
Distrito Federal,15021685000129,SINDICATO NACIONAL DOS PERITOS FEDERAIS AGRÁRIOS,"R$ 40.000,00",55,EVENTO,06/10/2025,09/10/2025,EVENTO,OUTUBRO,00.001436/2025-82,IV CONGRESSO NACIONAL DOS PERITOS FEDERAIS TERRITORIAIS,,Brasília,,,
Santa Catarina,83870840000132,ASSOCIAÇÃO REGIONAL DE ENGENHEIROS E ARQUITETOS - AREA-TB,"R$ 40.000,00",54,EVENTO,14/07/2025,14/07/2025,EVENTO,JULHO,00.001305/2025-03,CURSO PRÁTICO DE ACESSIBILIDADE EM EDIFICAÇÕES – OFICINAS PRÁTICAS,,Tubarão,,,
Pernambuco,22413676000140,ASSOCIACAO DOS ENGENHEIROS AMBIENTAIS E ENGENHEIROS AMBIENTAIS E SANITARISTAS DE PERNAMBUCO,"R$ 40.000,00",53,EVENTO,04/06/2025,06/06/2025,EVENTO,JUNHO,00.001374/2025-17,I FÓRUM TEMÁTICO: ENGENHARIA AMBIENTAL E O SEU PAPEL NA REDUÇÃO DOS IMPACTOS DAS MUDANÇAS CLIMÁTICAS,,Recife,,,
São Paulo,53604090000141,ASSOCIAÇÃO BRASILEIRA DE ENGENHEIROS ELETRICISTAS DE SÃO PAULO,"R$ 40.000,00",53,EVENTO,15/09/2025,16/09/2025,EVENTO,SETEMBRO,00.001473/2025-91,ELECTRIC MOBILITY SUMMIT,,São Paulo,,,
Espírito Santo,28420263000179,ASSOCIACAO DOS ENGENHEIROS FLORESTAIS DO ESPIRITO SANTO,"R$ 40.000,00",53,EVENTO,14/10/2025,16/10/2025,EVENTO,OUTUBRO,00.001795/2025-30,V SIMPÓSIO DE CIÊNCIAS FLORESTAIS DO ESPÍRITO SANTO (V SCIFLOR-ES) – MERCADO DE CARBONO: OS BENEFÍCIOS PARA O SETOR FLORESTAL,,"Vitória, Espírito Santo",,,
Minas Gerais,09381295000168,INSTITUTO ANTONIO ERNESTO DE SALVO - INAES,"R$ 40.000,00",53,EVENTO,13/06/2025,14/06/2025,EVENTO,JUNHO,00.001524/2025-84,II SEMINÁRIO MINEIRO DE IRRIGAÇÃO,,Janaúba,,,
Amazonas,32002783000139,ASSOCIAÇÃO AMAZONENSE DOS ENGENHEIROS DE SEGURANÇA DO TRABALHO,"R$ 40.000,00",52,EVENTO,23/07/2025,25/07/2025,EVENTO,JULHO,00.001583/2025-52,I SEMINÁRIO DE SAÚDE E SEGURANÇA DO TRABALHO DA AMAZÔNIA: DESAFIOS E SOLUÇÕES,,Manaus,,,
Rio Grande do Sul,90886805000177,ASSOCIAÇÃO DOS ENGENHEIROS AGRÔNOMOS DE PORTO ALEGRE - AEAPA,"R$ 40.000,00",52,EVENTO,27/08/2025,29/08/2025,EVENTO,AGOSTO,00.001505/2025-58,III SEMINÁRIO DE DIREITO AGRÁRIO PARA ENGENHEIROS,,Porto Alegre,,,
São Paulo,21736778000133,ASSOCIAÇÃO DE ENGENHEIROS E AGRÔNOMOS DE MAUÁ - ASSEAM,"R$ 40.000,00",52,EVENTO,15/11/2025,29/11/2025,EVENTO,NOVEMBRO,00.001440/2025-41,SEMINÁRIO PRESENCIAL “SEGURANÇA DE PROCESSO EM FOCO: GESTÃO BASEADA EM RISCO COMO UM PILAR DA SUSTENTABILIDADE DO NEGÓCIO”,,Mauá,,,
Goiás,08861520000109,ASSOCIACAO GOIANA DE ENGENHEIROS AMBIENTAIS - AGEAMB,"R$ 40.000,00",51,EVENTO,23/06/2025,25/06/2025,EVENTO,JUNHO,00.001268/2025-25,1º HACKATHON SANEAMENTO,,Goiânia,,,
São Paulo,24792255000100,ASPEAF - ASSOCIAÇÃO DE ENGENHARA E AGROOMIA DE FERRAZ DE VASCNCELOS,"R$ 40.000,00",51,EVENTO,01/08/2025,31/08/2025,EVENTO,AGOSTO,00.001567/2025-60,FÓRUM DE TECNOLOGIA E ENGENHARIA,,Ferraz de Vasconcelos,,,
São Paulo,49985039000102,ASSOCIAÇÃO DOS ENGENHEIROS ARQUITETOS E AGRÔNOMOS DE CATANDUVA,"R$ 40.000,00",51,EVENTO,01/08/2025,31/12/2025,EVENTO,AGOSTO,00.001503/2025-69,FÓRUM DE TECNOLOGIA NAS ENGENHARIAS DE CATANDUVA E REGIÃO,,Catanduva,,,
São Paulo,51870541000101,ASSOCIAÇÃO DOS ENGENHEIROS E ARQUITETOS DA REGIÃO DE MOGI GUAÇU,"R$ 40.000,00",51,EVENTO,01/08/2025,31/08/2025,EVENTO,AGOSTO,00.001285/2025-62,FÓRUM DE TECNOLOGIA NAS ENGENHARIAS DE MOGI GUAÇÚ E REGIÃO,,Mogi Guaçu,,,
São Paulo,57715484000120,"ASSOCIAÇÃO DOS ENGENHEIROS, ARQUITETOS E AGRÔNOMOS DE ITÁPOLIS","R$ 40.000,00",51,EVENTO,01/08/2025,31/08/2025,EVENTO,AGOSTO,00.001810/2025-40,WORKSHOP ENGENHARIA E TECNOLOGIA PARA UM FUTURO SUSTENTÁVEL: POLÍTICAS PÚBLICAS E INOVAÇÃO FOMENTANDO OS ODS DA ONU,,Itápolis,,,
São Paulo,51902617000133,"ASSOCIAÇÃO PINHALENSE DE ENGENHEIROS, ARQUITETOS E AGRÔNOMOS","R$ 40.000,00",51,EVENTO,01/08/2025,10/12/2025,EVENTO,AGOSTO,00.001665/2025-05,WORKSHOP ENGENHARIA E TECNOLOGIA NO AGRONEGÓCIO PARA UM FUTURO SUSTENTÁVEL,,Espírito Santo do Pinhal,,,
São Paulo,42509190000117,FEDERAÇÃO BRASILEIRA DE ASSOCIAÇÕES DE ENGENHEIROS,"R$ 40.000,00",51,EVENTO,01/08/2025,11/12/2025,EVENTO,AGOSTO,00.001380/2025-66,FÓRUM FEBRAE DE TECNOLOGIAS NA AGRONOMIA,,Piracicaba,,,
São Paulo,54407911000167,ASSOCIAÇÃO DOS ENGENHEIROS E ARQUITETOS DE PIRACICABA,"R$ 40.000,00",51,EVENTO,15/08/2025,16/08/2025,EVENTO,AGOSTO,00.001447/2025-62,WORKSHOP – EXPOSIÇÃO DE INOVAÇÃO E SUSTENTABILIDADE NA CONTRUÇÃO CIVIL,,Piracicaba,,,
São Paulo,51901049000156,ASSOCIAÇÃO DOS ENGENHEIROS E ARQUITETOS DE SUMARÉ,"R$ 40.000,00",51,EVENTO,01/09/2025,30/09/2025,EVENTO,SETEMBRO,00.001548/2025-33,1º WORKSHOP DE INOVAÇÃO DE SUMARÉ - SEGURANÇA DO TRABALHO,,Sumaré,,,
São Paulo,03558622000128,ASSOCIAÇÃO DOS PROFISSIONAIS DE ENGENHARIA E ARQUITETURA DE PARAGUAÇU PAULISTA,"R$ 40.000,00",51,EVENTO,01/09/2025,30/09/2025,EVENTO,SETEMBRO,00.001408/2025-65,WORKSHOP DE ENGENHARIA E INOVAÇÃO NO AGRONEGÓCIO,,Paraguaçu Paulista,,,
São Paulo,48673198000109,ASSOCIAÇÃO DOS ENGENHEIROS E ARQUITETOS DE UBATUBA-AEAU,"R$ 40.000,00",51,EVENTO,13/09/2025,13/09/2025,EVENTO,SETEMBRO,00.001425/2025-01,FÓRUM ENGENHARIA 4.0: SOLUÇÕES SUSTENTÁVEIS PARA O SANEAMENTO BÁSICO NO LITORAL,,Ubatuba,,,
São Paulo,51899235000106,"ASSOCIAÇÃO DOS ENGENHEIROS, ARQUITETOS E AGRÔNOMOS DE SÃO JOÃO DA BOA VISTA","R$ 40.000,00",51,EVENTO,24/09/2025,25/09/2025,EVENTO,SETEMBRO,00.001616/2025-64,"WORKSHOP ENGENHARIA E INOVAÇÃO NA INDÚSTRIA, CONSTRUÇÃO CIVIL E NO AGRONEGÓCIO",,São João da Boa Vista,,,
São Paulo,50216951000170,"ASSOCIACAO DOS ENGENHEIROS,ARQUITETOS E AGRONOMOS DA ESTANCIA HIDROMINERAL DE POA","R$ 40.000,00",51,EVENTO,01/10/2025,31/10/2025,EVENTO,OUTUBRO,00.001546/2025-44,WORKSHOP ENGENHARIA E INOVAÇÃO NA INDÚSTRIA E CONSTRUÇÃO CIVIL,,Poá,,,
São Paulo,53308870000199,ASSOCIAÇÃO DOS ENGENHEIROS E AGRÔNOMOS DE PRESIDENTE EPITÁCIO,"R$ 40.000,00",51,EVENTO,15/10/2025,16/10/2025,EVENTO,OUTUBRO,00.001700/2025-88,2º WORKSHOP ENGENHARIA E INOVAÇÃO – EFICIÊNCIA ENERGÉTICA E TENDÊNCIAS DE INTERIORES,,Presidente Epitácio,,,
São Paulo,51521870000147,ASSOCIAÇÃO DOS ENGENHEIROS E AGRÔNOMOS DE SÃO MANUEL,"R$ 40.000,00",51,EVENTO,18/10/2025,18/10/2025,EVENTO,OUTUBRO,00.001618/2025-53,FÓRUM AENSAM DE ENGENHARIAS E DESENVOLVIMENTO ECONÔMICO,,São Manuel,,,
São Paulo,49899321000169,"ASSOCIAÇÃO DOS ENGENHEIROS, ARQUITETOS E AGRÔNOMOS DE ASSIS E REGIÃO","R$ 40.000,00",51,EVENTO,22/10/2025,24/10/2025,EVENTO,OUTUBRO,00.001710/2025-13,2º WORKSHOP DE INOVAÇÃO DE ASSIS - DESAFIO DE INOVAÇÃO,,Assis,,,
São Paulo,51918381000123,ASSOCIAÇÃO DE ENGENHEIROS E TÉCNICOS DE MOJI MIRIM,"R$ 40.000,00",51,EVENTO,03/11/2025,04/11/2025,EVENTO,NOVEMBRO,00.001599/2025-65,WORKSHOP ENGENHARIA E INOVAÇÃO NA INDÚSTRIA,,Mogi Mirim,,,
Goiás,02741274000167,ASSOCIAÇÃO DOS ENGENHEIROS E AGRONOMOS DE JATAI,"R$ 40.000,00",51,EVENTO,06/11/2025,06/11/2025,EVENTO,NOVEMBRO,00.001739/2025-03,NOITE DAS ENGENHARIAS E AGRONOMIA,,Jataí,,,
Paraná,77971489000173,ASSOCIACAO PROFISSIONAL DOS GEOLOGOS DO PARANA - AGEPAR,"R$ 30.000,00",79,PUBLICAÇÃO,17/07/2025,,LIVRO,JULHO,00.001825/2025-16,LIVRO - SETE QUEDAS A ITAIPU: HISTORIOGRAFIA DE UM PROJETO,,,,,
Minas Gerais,18295766000106,ASSOCIAÇÃO DOS ANTIGOS ALUNOS DA ESCOLA DE MINAS,"R$ 30.000,00",76,PUBLICAÇÃO,12/10/2025,,LIVRO,OUTUBRO,00.001376/2025-06,LIVRO - O MINDSET DO ENGENHEIRO MODERNO,,,,,
Rio de Janeiro,34116384000124,SOCIEDADE DOS ENGENHEIROS E ARQUITETOS DO ESTADO DO RIO DE JANEIRO,"R$ 30.000,00",74,PUBLICAÇÃO,15/07/2025,,LIVRO,JULHO,00.0012512025-78,LIVRO - SEAERJ: 90 ANOS DA ENGENHARIA E ARQUITETURA PÚBLICAS NO RIO DE JANEIRO - 1ª EDIÇÃO,,,,,
Mato Grosso do Sul,15923220000164,ASSOCIAÇÃO CAMPOGRANDENSE DE ENGENHEIROS AGRÔNOMOS,"R$ 30.000,00",74,PUBLICAÇÃO,17/07/2025,,LIVRO,JULHO,00.001112/2025-44,LIVRO - MANUAL DE ÉTICA PROFISSIONAL: ANÁLISE AO CÓDIGO DE ÉTICA E REGULAMENTO DO PROCESSO ÉTICO-DISCIPLINAR DO SISTEMA CONFEA/CREA - 3ª EDIÇÃO,,,,,
Ceará,24205873000107,ACADEMIA CEARENSE DE ENGENHARIA,"R$ 30.000,00",74,PUBLICAÇÃO,30/07/2025,,LIVRO,JULHO,00.001463/2025-55,LIVRO - 100 BARRAGENS: ASPECTOS TÉCNICOS E CURIOSIDADES,,,,,
Piauí,07217359000164,ASSOCIACAO PROFISSIONAL DOS GEOLOGOS DO PIAUI - AGEPI,"R$ 30.000,00",74,PUBLICAÇÃO,31/07/2025,,LIVRO,JULHO,00.001234/2025-31,LIVRO - METODOLOGIA DE EXECUÇÃO DE CONTENÇÃO EM CORTINAS ATIRANTADAS E CASOS DE OBRAS,,,,,
Bahia,41997412000125,ASSOCIACAO BAHIANA DE ENGENHEIROS DE MINAS,"R$ 30.000,00",74,PUBLICAÇÃO,15/10/2025,,LIVRO,OUTUBRO,00.001570/2025-83,LIVRO - DO ESTUDANTE AO ENGENHEIRO - ENTENDENDO E PRATICANDO OS CAMINHOS PARA SE TORNAR UM ENGENHEIRO DE SUCESSO,,,,,
Paraná,78305224000107,CLUBE DE ENGENHARIA E ARQUITETURA DE LONDRINA,"R$ 30.000,00",74,PUBLICAÇÃO,26/10/2025,,LIVRO,OUTUBRO,00.001760/2025-09,LIVRO - LIVRO BIOGRÁFICO DO CEAL 1ª EDIÇÃO,,,,,
Mato Grosso,23993556000121,SINDICATO DOS GEOLOGOS DO ESTADO DE MATO-GROSSO - SINGEMAT,"R$ 30.000,00",74,PUBLICAÇÃO,11/12/2025,,LIVRO,DEZEMBRO,00.001914/2025-54,LIVRO - 100 BARRAGENS BRASILEIRAS,,,,,
Distrito Federal,03860786000105,ASSOCIAÇÃO BRASILEIRA DE ENGENHEIROS CIVIS - DEPARTAMENTO DO DISTRITO FEDERAL,"R$ 30.000,00",70,PUBLICAÇÃO,30/07/2025,,REVISTA,JULHO,00.001635/2025-91,REVISTA - ENGENHARIA DE BRASÍLIA,,,,,
Espírito Santo,14867502000129,ASSOSSIAÇÃO DOS TECNÓLOGOS DO ESTADO DO ESPÍRITO SANTO.,"R$ 30.000,00",68,PUBLICAÇÃO,30/09/2025,,LIVRO,SETEMBRO,00.001670/2025-18,LIVRO - ROCHAS ORNAMENTAIS:  DO LABORATÓRIO À APLICAÇÃO,,,,,
Rio de Janeiro,33945015000181,ASSOCIAÇÃO BRASILEIRA DE ENGENHARIA DE AMBIENTAL,"R$ 30.000,00",64,PUBLICAÇÃO,01/06/2025,,REVISTA,JUNHO,00.002431/2025-77,"REVISTA - REÚSO POTÁVEL DE ÁGUA NO BRASIL: DESAFIOS, REGULAMENTAÇÃO E CASES DE SUCESSO",,,,,
Paraná,78677606000153,ASSOCIACAO DOS ENGENHEIROS E ARQUITETOS DO SUDOESTE DO PARANA | SUDENGE,"R$ 20.000,00",60,PUBLICAÇÃO,04/08/2025,,REVISTA,AGOSTO,00.001245/2025-11,REVISTA - REVISTA SUDENGE - 5° EDIÇÃO,,,,,
Piauí,07501328000130,"FUNDACAO CULTURAL E DE FOMENTO A PESQUISA, ENSINO, EXTENSAO E INOVACAO - FADEX","R$ 20.000,00",60,PUBLICAÇÃO,15/08/2025,,EVENTO,AGOSTO,00.001787/2025-93,"ENGENHARIA DE SEGURANÇA DO TRABALHO HOSPITALAR: DESAFIOS, OPORTUNIDADES, SOLUÇÕES E BOAS PRÁTICAS",,,,,
Rio Grande do Sul,89804876000102,"ASSOCIAÇÃO DOS ENGENHEIROS, ARQUITETOS E AGRÔNOMOS DA REGIÃO DOS VINHEDOS","R$ 20.000,00",58,PUBLICAÇÃO,14/11/2025,,REVISTA,NOVEMBRO,00.001396/2025-79,REVISTA - REVISTA AEARV – ENGENHEIROS EM FOCO,,,,,
Rondônia,04295150000120,ASSOCIAÇÃO DOS ENGENHEIROS AGRÔNOMOS DE RONDÔNIA,"R$ 20.000,00",54,PUBLICAÇÃO,30/06/2025,,REVISTA,JUNHO,00.001912/2025-65,REVISTA - ENGENHEIROS DO AMANHÃ: 50 ANOS TRANSFORMANDO RONDÔNIA. EDIÇÃO ESPECIAL COMEMORAÇÃO DOS 50 ANOS DA ASSOCIAÇÃO DOS ENGENHEIROS AGRÔNOMOS DE RONDÔNIA,,,,,
Espírito Santo,27743830000165,IBAPE-ES - INSTITUTO BRASILEIRO DE AVALIACOES E PERICIAS DE ENGENHARIA DO ESPIRITO SANTO,"R$ 20.000,00",54,PUBLICAÇÃO,28/11/2025,,REVISTA,NOVEMBRO,00.001675/2025-32,REVISTA - REVISTA TÉCNICA DO IBAPE ESPÍRITO SANTO,,,,,
Tocantins,26753608000180,CONSELHO REGIONAL DE ENGENHARIA E AGRONOMIA DO ESTADO DO TOCANTINS,"R$ 20.000,00",54,PUBLICAÇÃO,29/11/2025,,EVENTO,NOVEMBRO,00.001574/2025-61,REVISTA,,,,,
Bahia,02077621000107,INSTITUTO BRASILEIRO DE AVALIACOES E PERICIAS DE ENGENHARIA DA BAHIA,"R$ 20.000,00",49,PUBLICAÇÃO,14/11/2025,,REVISTA,NOVEMBRO,00.001329/2025-54,REVISTA - PRODUÇÃO E DISSEMINAÇÃO DE CONHECIMENTO TÉCNICO POR MEIO DA 2ª EDIÇÃO DA REVISTA TÉCNICA IBAPE-BA,,,,,
Rio Grande do Sul,89971501000129,SOCIEDADE DOS ENGENHEIROS E ARQUITETOS DE SANTO ÂNGELO,"R$ 20.000,00",44,PUBLICAÇÃO,13/06/2025,,REVISTA,JUNHO,00.001304/2025-51,"REVISTA - 15ª REVISTA SENASA – INOVAÇÃO, TECNOLOGIA E SUSTENTABILIDADE NA ENGENHARIA E ARQUITETURA",,,,,
Minas Gerais,26814833000180,ASSEND - ASSOCIAÇÃO ARAXAENSE DE ENGENHARIA E DESENVOLVIMENTO,"R$ 20.000,00",44,PUBLICAÇÃO,21/10/2025,,REVISTA,OUTUBRO,00.001533/2025-75,REVISTA - REVISTA ASSEND - 2ª EDIÇÃO,,,,,
